{
  "properties": {
    "connectionReferences": {
      "shared_commondataserviceforapps": {
        "impersonation": {},
        "runtimeSource": "embedded",
        "connection": {},
        "api": {
          "name": "shared_commondataserviceforapps"
        }
      }
    },
    "definition": {
      "$schema": "https://schema.management.azure.com/providers/Microsoft.Logic/schemas/2016-06-01/workflowdefinition.json#",
      "contentVersion": "1.0.0.0",
      "parameters": {
        "$connections": {
          "defaultValue": {},
          "type": "Object"
        },
        "$authentication": {
          "defaultValue": {},
          "type": "SecureObject"
        }
      },
      "triggers": {
        "繰り返し": {
          "recurrence": {
            "frequency": "Month",
            "interval": 1,
            "timeZone": "Tokyo Standard Time"
          },
          "metadata": {
            "operationMetadataId": "a9f31f78-b993-4457-934b-8cdf3d41eff3"
          },
          "type": "Recurrence"
        }
      },
      "actions": {
        "変数を初期化する": {
          "runAfter": {
            "Apply_to_each_1": [
              "Succeeded"
            ]
          },
          "metadata": {
            "operationMetadataId": "babd9125-62e8-463b-bdab-2e64d47f7558"
          },
          "type": "InitializeVariable",
          "inputs": {
            "variables": [
              {
                "name": "HourOffsets",
                "type": "array",
                "value": [
                  -72,
                  -48,
                  -24,
                  -18,
                  -12,
                  -6,
                  0,
                  6,
                  12,
                  18,
                  24,
                  48,
                  72
                ]
              }
            ]
          }
        },
        "現在の時刻": {
          "runAfter": {
            "変数を初期化する": [
              "Succeeded"
            ]
          },
          "metadata": {
            "operationMetadataId": "4da76abf-2c66-4c90-832d-5a0c8d2e049e"
          },
          "type": "Expression",
          "kind": "CurrentTime",
          "inputs": {}
        },
        "Apply_to_each_2": {
          "foreach": "@variables('HourOffsets')",
          "actions": {
            "新しい行を追加する": {
              "runAfter": {},
              "metadata": {
                "operationMetadataId": "d15fe46a-c6a4-4fef-822f-a17b5395246e"
              },
              "type": "OpenApiConnection",
              "inputs": {
                "host": {
                  "apiId": "/providers/Microsoft.PowerApps/apis/shared_commondataserviceforapps",
                  "connectionName": "shared_commondataserviceforapps",
                  "operationId": "CreateRecord"
                },
                "parameters": {
                  "entityName": "ya_filterings",
                  "item/ya_name": "@addHours(outputs('作成'), items('Apply_to_each_2'))",
                  "item/ya_referencedate": "@addHours(outputs('作成'), items('Apply_to_each_2'))"
                },
                "authentication": "@parameters('$authentication')"
              }
            }
          },
          "runAfter": {
            "作成": [
              "Succeeded"
            ]
          },
          "metadata": {
            "operationMetadataId": "c12094d6-fd65-4c28-b19e-ef7711a5acbc"
          },
          "type": "Foreach"
        },
        "行を一覧にする": {
          "runAfter": {},
          "metadata": {
            "operationMetadataId": "586cd4fd-c859-4ebd-822b-8d8e9d887817"
          },
          "type": "OpenApiConnection",
          "inputs": {
            "host": {
              "apiId": "/providers/Microsoft.PowerApps/apis/shared_commondataserviceforapps",
              "connectionName": "shared_commondataserviceforapps",
              "operationId": "ListRecords"
            },
            "parameters": {
              "entityName": "ya_filterings",
              "$filter": "ya_filteringid ne null"
            },
            "authentication": "@parameters('$authentication')"
          }
        },
        "Apply_to_each_1": {
          "foreach": "@outputs('行を一覧にする')?['body/value']",
          "actions": {
            "行を削除する": {
              "runAfter": {},
              "metadata": {
                "operationMetadataId": "2616c7e9-ef9a-44da-baa0-33dc2edc0deb"
              },
              "type": "OpenApiConnection",
              "inputs": {
                "host": {
                  "apiId": "/providers/Microsoft.PowerApps/apis/shared_commondataserviceforapps",
                  "connectionName": "shared_commondataserviceforapps",
                  "operationId": "DeleteRecord"
                },
                "parameters": {
                  "entityName": "ya_filterings",
                  "recordId": "@items('Apply_to_each_1')?['ya_filteringid']"
                },
                "authentication": "@parameters('$authentication')"
              }
            }
          },
          "runAfter": {
            "行を一覧にする": [
              "Succeeded"
            ]
          },
          "metadata": {
            "operationMetadataId": "8b24d38a-7686-4105-b275-3c611064319c"
          },
          "type": "Foreach"
        },
        "作成": {
          "runAfter": {
            "現在の時刻": [
              "Succeeded"
            ]
          },
          "metadata": {
            "operationMetadataId": "bdc97225-42d2-4ca1-9a94-953e484b272e"
          },
          "type": "Compose",
          "inputs": "@formatDateTime(body('現在の時刻'), 'yyyy-MM-ddTHH:00:00.000Z', 'ja-JP')"
        }
      }
    },
    "templateName": null
  },
  "schemaVersion": "1.0.0.0"
}