{
  "properties": {
    "connectionReferences": {
      "shared_commondataserviceforapps": {
        "runtimeSource": "embedded",
        "connection": {
          "connectionReferenceLogicalName": "ya_sharedcommondataserviceforapps_e06c8"
        },
        "api": {
          "name": "shared_commondataserviceforapps"
        }
      }
    },
    "definition": {
      "$schema": "https://schema.management.azure.com/providers/Microsoft.Logic/schemas/2016-06-01/workflowdefinition.json#",
      "contentVersion": "1.0.0.0",
      "parameters": {
        "$connections": {
          "defaultValue": {},
          "type": "Object"
        },
        "$authentication": {
          "defaultValue": {},
          "type": "SecureObject"
        }
      },
      "triggers": {
        "manual": {
          "metadata": {
            "operationMetadataId": "2e14b0bb-6457-4f84-b8c8-da0df7178a6b"
          },
          "type": "Request",
          "kind": "Button",
          "inputs": {
            "schema": {
              "type": "object",
              "properties": {
                "text": {
                  "title": "開始日",
                  "type": "string",
                  "x-ms-dynamically-added": true,
                  "description": "開始日 2020-01-01T00:00:00.000Z",
                  "x-ms-content-hint": "TEXT"
                },
                "text_1": {
                  "title": "終了日",
                  "type": "string",
                  "x-ms-dynamically-added": true,
                  "description": "終了日 2024-12-31T23:00:00.000Z",
                  "x-ms-content-hint": "TEXT"
                }
              },
              "required": [
                "text",
                "text_1"
              ]
            }
          }
        }
      },
      "actions": {
        "変数iDayを初期化する": {
          "runAfter": {
            "終了日": [
              "Succeeded"
            ]
          },
          "metadata": {
            "operationMetadataId": "babd9125-62e8-463b-bdab-2e64d47f7558"
          },
          "type": "InitializeVariable",
          "inputs": {
            "variables": [
              {
                "name": "iDay",
                "type": "integer",
                "value": 0
              }
            ]
          }
        },
        "Do_until": {
          "actions": {
            "iDay++": {
              "runAfter": {
                "毎時": [
                  "Succeeded"
                ]
              },
              "metadata": {
                "operationMetadataId": "25d5f531-1204-491f-a83a-5a245e401760"
              },
              "type": "IncrementVariable",
              "inputs": {
                "name": "iDay",
                "value": 1
              }
            },
            "毎時": {
              "foreach": "@variables('Hours')",
              "actions": {
                "新しい行を追加する": {
                  "runAfter": {},
                  "metadata": {
                    "operationMetadataId": "d15fe46a-c6a4-4fef-822f-a17b5395246e"
                  },
                  "type": "OpenApiConnection",
                  "inputs": {
                    "host": {
                      "connectionName": "shared_commondataserviceforapps",
                      "operationId": "CreateRecord",
                      "apiId": "/providers/Microsoft.PowerApps/apis/shared_commondataserviceforapps"
                    },
                    "parameters": {
                      "entityName": "ya_filterings",
                      "item/ya_name": "@addHours(addDays(outputs('開始日'), int(variables('iDay'))), int(items('毎時')))",
                      "item/ya_referencedatetimezoneindependent": "@addHours(addDays(outputs('開始日'), int(variables('iDay'))), int(items('毎時')))",
                      "item/ya_referencedateuserlocal": "@addHours(addDays(outputs('開始日'), int(variables('iDay'))), int(items('毎時')))"
                    },
                    "authentication": {
                      "type": "Raw",
                      "value": "@json(decodeBase64(triggerOutputs().headers['X-MS-APIM-Tokens']))['$ConnectionKey']"
                    }
                  }
                }
              },
              "runAfter": {},
              "metadata": {
                "operationMetadataId": "82b64b09-70e9-4df1-90b6-ad338a71a414"
              },
              "type": "Foreach"
            }
          },
          "runAfter": {
            "変数Hoursを初期化する": [
              "Succeeded"
            ]
          },
          "expression": "@greater(ticks(addDays(formatDateTime(outputs('開始日'), 'yyyy-MM-ddTHH:00:00.000Z', 'ja-JP'), int(variables('iDay')))), ticks(formatDateTime(outputs('終了日'), 'yyyy-MM-ddTHH:00:00.000Z', 'ja-JP')))",
          "limit": {
            "count": 5000,
            "timeout": "P30D"
          },
          "metadata": {
            "operationMetadataId": "56b25843-e9c9-40bd-bb0f-6d25b7110942"
          },
          "type": "Until"
        },
        "開始日": {
          "runAfter": {
            "条件": [
              "Succeeded"
            ]
          },
          "metadata": {
            "operationMetadataId": "b5c764d0-6d33-44ef-8f40-1da60852d6fb"
          },
          "type": "Compose",
          "inputs": "@formatDateTime(triggerBody()['text'], 'yyyy-MM-ddTHH:00:00.000Z', 'ja-JP')",
          "description": "formatDateTime('2020-01-01T00:00:00.000Z', 'yyyy-MM-ddTHH:00:00.000Z', 'ja-JP')"
        },
        "終了日": {
          "runAfter": {
            "開始日": [
              "Succeeded"
            ]
          },
          "metadata": {
            "operationMetadataId": "b416d494-10e9-4aaf-9734-2c0a3b3171c4"
          },
          "type": "Compose",
          "inputs": "@formatDateTime(triggerBody()['text_1'], 'yyyy-MM-ddTHH:00:00.000Z', 'ja-JP')",
          "description": "formatDateTime('2024-12-31T23:00:00.000Z', 'yyyy-MM-ddTHH:00:00.000Z', 'ja-JP')"
        },
        "変数Hoursを初期化する": {
          "runAfter": {
            "変数iDayを初期化する": [
              "Succeeded"
            ]
          },
          "metadata": {
            "operationMetadataId": "e7dde49c-96f9-4787-8ee3-0134be2e8d3b"
          },
          "type": "InitializeVariable",
          "inputs": {
            "variables": [
              {
                "name": "Hours",
                "type": "array",
                "value": [
                  0,
                  1,
                  2,
                  3,
                  4,
                  5,
                  6,
                  7,
                  8,
                  9,
                  10,
                  11,
                  12,
                  13,
                  14,
                  15,
                  16,
                  17,
                  18,
                  19,
                  20,
                  21,
                  22,
                  23
                ]
              }
            ]
          }
        },
        "条件": {
          "actions": {
            "全件削除": {
              "actions": {
                "行を一覧にする": {
                  "runAfter": {},
                  "metadata": {
                    "operationMetadataId": "586cd4fd-c859-4ebd-822b-8d8e9d887817"
                  },
                  "type": "OpenApiConnection",
                  "inputs": {
                    "host": {
                      "connectionName": "shared_commondataserviceforapps",
                      "operationId": "ListRecords",
                      "apiId": "/providers/Microsoft.PowerApps/apis/shared_commondataserviceforapps"
                    },
                    "parameters": {
                      "entityName": "ya_filterings",
                      "$filter": "ya_filteringid ne null"
                    },
                    "authentication": {
                      "type": "Raw",
                      "value": "@json(decodeBase64(triggerOutputs().headers['X-MS-APIM-Tokens']))['$ConnectionKey']"
                    }
                  }
                },
                "Apply_to_each_1": {
                  "foreach": "@outputs('行を一覧にする')?['body/value']",
                  "actions": {
                    "行を削除する": {
                      "runAfter": {},
                      "metadata": {
                        "operationMetadataId": "2616c7e9-ef9a-44da-baa0-33dc2edc0deb"
                      },
                      "type": "OpenApiConnection",
                      "inputs": {
                        "host": {
                          "connectionName": "shared_commondataserviceforapps",
                          "operationId": "DeleteRecord",
                          "apiId": "/providers/Microsoft.PowerApps/apis/shared_commondataserviceforapps"
                        },
                        "parameters": {
                          "entityName": "ya_filterings",
                          "recordId": "@items('Apply_to_each_1')?['ya_filteringid']"
                        },
                        "authentication": {
                          "type": "Raw",
                          "value": "@json(decodeBase64(triggerOutputs().headers['X-MS-APIM-Tokens']))['$ConnectionKey']"
                        }
                      }
                    }
                  },
                  "runAfter": {
                    "行を一覧にする": [
                      "Succeeded"
                    ]
                  },
                  "metadata": {
                    "operationMetadataId": "8b24d38a-7686-4105-b275-3c611064319c"
                  },
                  "type": "Foreach"
                }
              },
              "runAfter": {},
              "metadata": {
                "operationMetadataId": "6fecb614-0593-4eac-94e7-b12bcd309626"
              },
              "type": "Scope"
            },
            "終了": {
              "runAfter": {
                "全件削除": [
                  "Succeeded"
                ]
              },
              "metadata": {
                "operationMetadataId": "ff754c09-f5be-483d-a790-0c318a06050f"
              },
              "type": "Terminate",
              "inputs": {
                "runStatus": "Succeeded"
              }
            }
          },
          "runAfter": {},
          "expression": {
            "equals": [
              1,
              2
            ]
          },
          "metadata": {
            "operationMetadataId": "5836a2fa-848e-4b4b-9d5f-a21f882cb27b"
          },
          "type": "If"
        }
      }
    },
    "templateName": ""
  },
  "schemaVersion": "1.0.0.0"
}